{"cameraMode":{"drawMode":0,"name":"Shaded","section":"Shading Mode"},"sceneLighting":true,"audioPlay":false,"sceneViewState":{"m_AlwaysRefresh":false,"showFog":true,"showSkybox":true,"showFlares":true,"showImageEffects":true,"showParticleSystems":true,"showVisualEffectGraphs":true,"m_FxEnabled":true},"in2DMode":false,"pivot":{"x":-0.16437585651874543,"y":2.768692970275879,"z":-5.553918838500977},"rotation":{"x":-0.00028662531985901296,"y":0.9938210248947144,"z":-0.11108193546533585,"w":-0.002684979001060128},"size":13.705912590026856,"orthographic":false}